"Data","RT","AVA","IP"
"1","6","-1870.94717","5327.778"
"2","6","-1853.24723","5328.56806"
"3","6","-1835.43085","5329.36332"
"4","6","-1826.23154","5329.77394"
"5","6","-1817.73091","5330.15338"
"6","5","-1800.03098","5330.94344"
"7","5","-1782.2146","5331.7387"
"8","5","-1764.51466","5332.52877"
"9","5","-1754.03444","5332.99657"
"10","5","-1746.69828","5333.32403"
"11","5","-1728.99834","5334.11409"
"12","5","-1711.29841","5334.90415"
"13","5","-1693.48203","5335.69941"
"14","5","-1675.78209","5336.48947"
"15","5","-1657.96571","5337.28473"
"16","5","-1640.26577","5338.07479"
"17","5","-1630.16004","5338.52588"
"18","5","-1622.56584","5337.21196"
"19","5","-1604.74945","5334.12945"
"20","5","-1587.04952","5331.06709"
"21","6","-1569.23314","5327.98457"
"22","6","-1551.5332","5324.92221"
"23","6","-1533.94971","5321.87999"
"24","6","-1533.83327","5321.85984"
"25","6","-1516.01688","5318.77733"
"26","6","-1498.31695","5315.71497"
"27","6","-1483.49316","5313.15022"
"28","6","-1473.46033","5312.63245"
"29","6","-1473.06994","5312.61231"
"30","6","-1414.12039","5309.57009"
"31","6","-1402.79895","5308.98582"
"32","6","-1354.78045","5306.50772"
"33","6","-1316.91219","5304.55345"
"34","6","-1295.05011","5303.42521"
"35","6","-1235.71017","5300.36285"
"36","6","-1175.97983","5297.28033"
"37","6","-1116.63989","5294.21797"
"38","6","-1057.29995","5291.1556"
"39","6","-997.56962","5288.07309"
"40","6","-938.22967","5285.01073"
"41","6","-878.49934","5281.92821"
"42","6","-871.86263","5281.58571"
"43","6","-819.1594","5278.86585"
"44","6","-778.16799","5276.7504"
"45","6","-759.81946","5275.80348"
"46","5","-700.08912","5272.72097"
"47","5","-640.74918","5269.65861"
"48","5","-581.01884","5266.57609"
"49","5","-521.6789","5263.51373"
"50","5","-490.36966","5261.89795"
"51","5","-462.33896","5262.4497"
"52","5","-402.60862","5263.62541"
"53","5","-343.26868","5264.79343"
"54","5","-283.53835","5265.96914"
"55","5","-224.19841","5267.13717"
"56","5","-164.85846","5268.3052"
"57","5","-105.12813","5269.48091"
"58","5","-45.78819 5","270.64893"
"59","5","13.94215 5.","71.82464"
"60","5","16.06465 5.","71.86642"
"61","5","45.56093 5.","72.99267"
"62","5","76.15138 5.","74.1607"
"63","5","106.94309 5","275.33641"
"64","5","137.53354 5","276.50443"
"65","5","168.32525 5","277.68014"
"66","5","198.91570 5","278.84817"
"67","5","229.50615 5","280.0162"
"68","5","260.29786 5","281.19191"
"69","5","290.88831 5","282.35993"
"70","5","321.68002 5","283.53564"
"71","5","352.27047 5","284.70367"
"72","5","382.86092 5","285.8717"
"73","5","413.65263 5","287.04741"
"74","5","444.24308 5","288.21543"
"75","5","475.03479 5","289.39114"
"76","5","505.62524 5","290.55917"
"77","5","536.21569 5","291.7272"
"78","5","538.32187 5","291.80762"
"79","5","567.00740 5","297.48067"
"80","5","597.59785 6","303.53046"
"81","5","600.81790 6","304.16728"
"82","5","628.38956 6","309.62004"
"83","5","639.05597 6","311.72951"
"84","5","658.98001 6","315.66983"
"85","5","689.57047 6","321.71962"
"86","5","720.36217 6","327.8092"
"87","5","750.95263 6","333.85899"
"88","5","763.83282 6","336.40627"
"89","5","781.74433 6","339.94858"
"90","5","792.00823 6","341.97844"
"91","5","801.34265 6","343.82448"
"92","5","797.83239 6","345.99836"
"93","5","797.25397 6","346.35657"
"94","5","788.89905 6","351.53073"
"95","5","788.06355 6","352.04815"
"96","5","778.23044 6","358.13773"
"97","5","774.75993 6","360.287"
"98","5","768.46160 6","364.18752"
"99","5","758.62849 5","370.27711"
"100","5","748.85965 5","376.32689"
"101","5","740.69753 5","381.38165"
"102","5","739.09081 5","382.37668"
"103","5","-1043.4606","5088.33789"
"104","5","-996.79163","5111.11912"
"105","5","-950.12266","5133.90035"
"106","5","-903.45369","5156.68159"
"107","5","-856.78472","5179.46282"
"108","5","-810.11575","5202.24406"
"109","5","-763.44678","5225.02529"
"110","5","-716.77781","5247.80652"
"111","5","-670.10884","5270.58776"
"112","5","-623.43987","5293.36899"
"113","5","-576.7709","5316.15023"
"114","5","-573.41016","5317.79076"
"115","5","-467.49943","5338.93146"
"116","5","-453.91972","5341.64209"
"117","5","-353.36997","5346.99909"
"118","5","-239.24051","5353.07957"
"119","5","-125.11105","5359.16005"
"120","5","-10.98159","5365.24054"
"121","5","103.14786","5371.32102"
"122","5","217.27732","5377.40151"
"123","5","331.40678","5383.48199"
"124","5","445.53624","5389.56247"
"125","5","559.6657","5395.64296"
"126","5","673.79516","5401.72344"
"127","5","787.92461","5407.80392"
"128","5","902.05407","5413.88441"
"129","5","1016.18353","5419.96489"
"130","5","1130.31299","5426.04538"
"131","5","1244.44245","5432.12586"
"132","5","1358.57191","5438.20634"
"133","5","1472.70136","5444.28683"
"134","5","1586.83082","5450.36731"
"135","5","1700.96028","5456.44779"
"136","5","1815.08974","5462.52828"
"137","5","1929.2192","5468.60876"
"138","5","2043.34866","5474.68925"
"139","5","2157.47812","5480.76973"
"140","5","2271.60757","5486.85021"
"141","5","2325.32837","5489.7123"
"142","5","2357.43966","5492.9307"
"143","5","2396.70106","5496.86572"
"144","5","2418.1072","5496.39179"
"145","5","2478.77474","5495.04862"
"146","5","2539.44227","5493.70545"
"147","5","2600.10981","5492.36228"
"148","5","2660.77734","5491.01911"
"149","5","2721.44488","5489.67593"
"150","5","2782.11242","5488.33276"
"151","6","2842.77995","5486.98959"
"152","6","2903.44749","5485.64642"
"153","7","-1819.48876","4888.68293"
"154","7","-1771.7581","4886.62692"
"155","7","-1724.02745","4884.57091"
"156","5","-1676.29679","4882.51491"
"157","1","-1628.56614","4880.4589"
"158","1","-1580.83548","4878.4029"
"159","1","-1573.56995","4878.08993"
"160","1","-1532.6925","4876.34689"
"161","1","-1484.47549","4874.29089"
"162","1","-1436.25847","4872.23488"
"163","1","-1388.04146","4870.17888"
"164","1","-1339.82445","4868.12287"
"165","1","-1291.60744","4866.06686"
"166","1","-1243.39042","4864.01086"
"167","1","-1195.17341","4861.95485"
"168","1","-1146.9564","4859.89885"
"169","1","-1098.73939","4857.84284"
"170","1","-1050.52237","4855.78684"
"171","1","-1002.30536","4853.73083"
"172","1","-954.08835","4851.67483"
"173","7","-905.87134","4849.61882"
"174","7","-857.65432","4847.56282"
"175","7","-815.5757","4845.76855"
"176","7","-815.55583","4845.76758"
"177","7","-809.43731","4848.15452"
"178","7","-761.2203","4866.96478"
"179","7","-713.00328","4885.77505"
"180","7","-664.78627","4904.58532"
"181","7","-616.56926","4923.39558"
"182","7","-568.35225","4942.20585"
"183","7","-520.13523","4961.01612"
"184","7","-471.91822","4979.82638"
"185","7","-423.70121","4998.63665"
"186","7","-375.4842","5017.44692"
"187","7","-327.26718","5036.25719"
"188","7","-315.18643","5040.97009"
"189","7","-222.85977","5055.06745"
"190","7","-99.66728","5073.87772"
"191","7","23.5252","5092.68799"
"192","7","146.71769","5111.49825"
"193","7","269.91018","5130.30852"
"194","7","393.10267","5149.11879"
"195","7","516.29515","5167.92905"
"196","7","639.48764","5186.73932"
"197","7","658.54767","5189.6496"
"198","7","666.28631","5205.54959"
"199","7","675.4414","5224.35985"
"200","7","684.5965","5243.17012"
"201","7","693.75159","5261.98039"
"202","7","702.90669","5280.79065"
"203","7","712.06178","5299.60092"
"204","7","721.21688","5318.41119"
"205","7","730.37197","5337.22145"
"206","7","739.52707","5356.03172"
"207","7","739.81392","5356.62109"
"208","7","748.68216","5386.28851"
"209","7","757.83726","5416.91555"
"210","7","766.99235","5447.54259"
"211","7","776.14745","5478.16962"
"212","7","785.30254","5508.79666"
"213","7","794.45763","5539.4237"
"214","7","803.61273","5570.05074"
"215","7","812.76782","5600.67777"
"216","7","821.92292","5631.30481"
"217","7","831.07801","5661.93185"
"218","7","840.23311","5692.55889"
"219","7","849.3882","5723.18592"
"220","7","858.5433","5753.81296"
"221","7","867.69839","5784.44"
"222","7","876.85349","5815.06704"
"223","7","886.00858","5845.69407"
"224","7","895.16368","5876.32111"
"225","4","904.31877","5906.94815"
"226","4","911.52795","5931.06543"
"227","4","903.64097","5937.57519"
"228","4","866.53436","5968.20222"
"229","4","829.42776","5998.82926"
"230","4","792.32115","6029.4563"
"231","4","755.21455","6060.08334"
"232","4","718.10794","6090.71037"
"233","4","681.00134","6121.33741"
"234","4","643.89474","6151.96445"
"235","4","606.78813","6182.59149"
"236","4","587.93398","6198.15332"
"237","4","569.68153","6201.57673"
"238","4","532.57492","6208.5364"
"239","4","495.46832","6215.49608"
"240","4","458.36171","6222.45575"
"241","4","421.25511","6229.41543"
"242","4","384.14851","6236.3751"
"243","4","347.0419","6243.33478"
"244","4","309.9353","6250.29445"
"245","4","272.82869","6257.25412"
"246","4","235.72209","6264.2138"
"247","4","198.61548","6271.17347"
"248","4","161.50888","6278.13315"
"249","4","124.40228","6285.09282"
"250","4","87.29567","6292.05249"
"251","7","50.18907","6299.01217"
"252","7","13.08246","6305.97184"
"253","7","-24.02414","6312.93152"
"254","7","-61.13075","6319.89119"
"255","7","-98.23735","6326.85086"
"256","7","-103.22372","6327.7861"
"257","7","-103.22372","6333.81054"
"258","7","-103.22372","6340.77021"
"259","7","-103.22372","6347.72989"
"260","7","-103.22372","6354.68956"
"261","7","-103.22372","6361.64923"
"262","7","-103.22372","6368.60891"
"263","7","-103.22372","6375.56858"
"264","7","-103.22372","6382.52826"
"265","7","-103.22372","6388.78271"
"266","7","-103.22372","6388.78467"
"267","7","-103.22372","6387.3798"
"268","7","-103.22372","6373.47626"
"269","7","-103.22372","6360.30414"
"270","7","-105.21127","6359.57272"
"271","7","-142.99259","6345.66918"
"272","7","-180.77392","6331.76564"
"273","7","-218.55524","6317.86209"
"274","7","-256.33656","6303.95855"
"275","7","-294.11789","6290.05501"
"276","7","-331.89921","6276.15147"
"277","3","-369.68053","6262.24793"
"278","3","-407.46186","6248.34439"
"279","3","-445.24318","6234.44085"
"280","3","-483.0245","6220.53731"
"281","3","-520.80583","6206.63377"
"282","3","-558.58715","6192.73023"
"283","3","-596.36847","6178.82669"
"284","3","-634.1498","6164.92315"
"285","3","-671.93112","6151.01961"
"286","3","-709.71244","6137.11607"
"287","3","-747.49377","6123.21253"
"288","3","-785.27509","6109.30898"
"289","3","-823.05641","6095.40544"
"290","3","-860.83774","6081.5019"
"291","3","-898.61906","6067.59836"
"292","3","-936.40038","6053.69482"
"293","7","-974.18171","6039.79128"
"294","7","-1011.96303","6025.88774"
"295","7","-1049.74435","6011.9842"
"296","7","-1087.52568","5998.08066"
"297","7","-1125.307","5984.17712"
"298","7","-1162.95602","5970.32227"
"299","7","-1163.08832","5970.34669"
"300","7","-1200.86965","5977.32108"
"301","7","-1238.65097","5984.29546"
"302","7","-1252.03442","5986.76603"
"303","7","-1255.19131","5991.26985"
"304","7","-1260.07992","5998.24424"
"305","7","-1264.96852","6005.21863"
"306","7","-1269.85712","6012.19301"
"307","7","-1274.74572","6019.1674"
"308","7","-1279.63432","6026.14179"
"309","7","-1284.52293","6033.11618"
"310","7","-1289.41153","6040.09056"
"311","7","-1294.30013","6047.06495"
"312","7","-1299.18873","6054.03934"
"313","7","-1304.07733","6061.01373"
"314","4","-1129.01539","4689.33027"
"315","4","-1128.76915","4690.54332"
"316","4","-1128.52291","4691.75637"
"317","4","-1128.27667","4692.96943"
"318","4","-1128.02995","4694.18487"
"319","4","-1127.78419","4695.39553"
"320","4","-1127.53795","4696.60858"
"321","4","-1127.29171","4697.82163"
"322","4","-1127.04547","4699.03469"
"323","4","-1126.79923","4700.24774"
"324","4","-1126.55347","4701.4584"
"325","4","-1126.30626","4702.67623"
"326","7","-1126.06051","4703.88689"
"327","7","-1125.81426","4705.09994"
"328","7","-1125.72729","4705.52838"
"329","7","-1112.64525","4706.313"
"330","7","-1092.41975","4707.52605"
"331","7","-1072.19426","4708.7391"
"332","7","-1051.92895","4709.95454"
"333","7","-1031.74326","4711.1652"
"334","7","-1011.51777","4712.37826"
"335","7","-991.29227","4713.59131"
"336","7","-971.06678","4714.80436"
"337","7","-950.84128","4716.01741"
"338","7","-930.6556","4717.22808"
"339","7","-910.35047","4718.4459"
"340","7","-890.16479","4719.65657"
"341","7","-869.9393","4720.86962"
"342","7","-849.7138","4722.08267"
"343","7","-829.4883","4723.29572"
"344","7","-809.26281","4724.50878"
"345","7","-795.854","4725.31299"
"346","7","-788.9975","4726.71321"
"347","7","-768.81182","4730.83551"
"348","7","-748.58632","4734.96594"
"349","7","-728.36083","4739.09637"
"350","7","-708.13533","4743.2268"
"351","7","-687.90983","4747.35723"
"352","7","-667.68434","4751.48766"
"353","7","-647.41903","4755.62623"
"354","7","-627.23335","4759.74853"
"355","7","-607.00785","4763.87896"
"356","7","-586.78235","4768.00939"
"357","7","-566.55686","4772.13982"
"358","7","-546.33136","4776.27025"
"359","7","-526.06605","4780.40881"
"360","7","-505.88037","4784.53111"
"361","7","-485.65488","4788.66154"
"362","7","-465.42938","4792.79197"
"363","3","-445.20388","4796.9224"
"364","3","-424.97839","4801.05283"
"365","3","-404.75289","4805.18326"
"366","3","-384.48758","4809.32182"
"367","3","-364.3019","4813.44412"
"368","3","-344.0764","4817.57455"
"369","3","-323.85091","4821.70498"
"370","3","-303.62541","4825.83541"
"371","3","-283.39992","4829.96584"
"372","3","-263.13461","4834.1044"
"373","3","-242.94893","4838.2267"
"374","3","-222.72343","4842.35713"
"375","3","-202.49793","4846.48756"
"376","3","-182.27244","4850.61799"
"377","3","-162.04694","4854.74842"
"378","3","-141.82145","4858.87885"
"379","3","-121.55614","4863.01741"
"380","3","-101.37045","4867.13971"
"381","3","-81.14496","4871.27014"
"382","3","-60.91946","4875.40057"
"383","3","-40.69397","4879.531"
"384","3","-20.46847","4883.66143"
"385","3","-0.20316","4887.79999"
"386","3","19.98252","4891.92229"
"387","3","40.20802","4896.05272"
"388","3","60.43351","4900.18315"
"389","3","80.65901","4904.31358"
"390","3","100.8845","4908.44401"
"391","3","121.11","4912.57444"
"392","3","141.37531","4916.713"
"393","3","161.56099","4920.8353"
"394","3","181.78649","4924.96573"
"395","3","202.01198","4929.09616"
"396","3","222.23748","4933.22659"
"397","3","242.46298","4937.35702"
"398","3","262.72829","4941.49558"
"399","3","282.91397","4945.61788"
"400","3","303.13946","4949.74831"
"401","3","323.36496","4953.87874"
"402","3","343.59045","4958.00917"
"403","3","363.81595","4962.1396"
"404","3","384.04145","4966.27003"
"405","3","404.30676","4970.40859"
"406","3","424.49244","4974.53089"
"407","3","444.71793","4978.66132"
"408","3","464.94343","4982.79175"
"409","3","485.16893","4986.92218"
"410","3","505.39442","4991.05261"
"411","3","525.65973","4995.19117"
"412","3","545.84541","4999.31347"
"413","3","566.07091","5003.4439"
"414","3","568.47229","5003.93431"
"415","3","592.35922","5007.57433"
"416","3","619.46436","5011.70476"
"417","3","646.56949","5015.83519"
"418","3","673.67462","5019.96562"
"419","3","700.83312","5024.10418"
"420","3","727.88489","5028.22648"
"421","3","754.99003","5032.35691"
"422","3","782.09516","5036.48734"
"423","3","809.2003","5040.61777"
"424","3","836.30543","5044.7482"
"425","3","863.46392","5048.88676"
"426","3","890.5157","5053.00906"
"427","3","917.62083","5057.13949"
"428","3","944.72597","5061.26992"
"429","3","971.8311","5065.40035"
"430","3","998.93624","5069.53078"
"431","3","1026.04137","5073.66121"
"432","3","1030.62612","5074.35986"
"433","3","1053.19986","5078.06319"
"434","3","1080.25164","5082.50117"
"435","3","1107.35677","5086.9479"
"436","3","1134.46191","5091.39462"
"437","3","1161.56704","5095.84135"
"438","3","1188.67218","5100.28808"
"439","3","1215.83067","5104.74356"
"440","3","1242.82909","5109.17278"
"441","3","1269.93422","5113.61951"
"442","3","1297.03936","5118.06624"
"443","3","1324.14449","5122.51297"
"444","3","1351.19627","5126.95094"
"445","3","1378.40812","5131.41518"
"446","3","1405.4599","5135.85315"
"447","3","1432.56503","5140.29988"
"448","3","1459.67016","5144.74661"
"449","3","1486.7753","5149.19333"
"450","3","1513.88043","5153.64006"
"451","3","1540.93221","5158.07804"
"452","3","1568.0907","5162.53352"
"453","3","1595.19584","5166.98025"
"454","3","1622.30097","5171.42697"
"455","3","1649.40611","5175.8737"
"456","3","1676.51124","5180.32043"
"457","3","1703.56302","5184.7584"
"458","3","1730.77486","5189.22264"
"459","3","1757.82664","5193.66061"
"460","3","1784.93178","5198.10734"
"461","3","1812.03691","5202.55407"
"462","3","1839.14205","5207.0008"
"463","3","1866.24718","5211.44752"
"464","3","1893.29896","5215.8855"
"465","3","1920.45745","5220.34098"
"466","3","1947.56258","5224.78771"
"467","3","1974.66772","5229.23444"
"468","3","2001.77285","5233.68116"
"469","3","2028.87799","5238.12789"
"470","3","2055.98312","5242.57462"
"471","3","2083.14161","5247.0301"
"472","3","2110.19339","5251.46808"
"473","3","2137.29852","5255.9148"
"474","3","2164.40366","5260.36153"
"475","3","2191.50879","5264.80826"
"476","3","2218.61393","5269.25499"
"477","3","2245.6657","5273.69296"
"478","3","2272.8242","5278.14844"
"479","3","2299.92933","5282.59517"
"480","3","2327.03446","5287.0419"
"481","3","2354.1396","5291.48863"
"482","3","2381.24473","5295.93536"
"483","3","2408.34987","5300.38208"
"484","3","2435.50836","5304.83756"
"485","3","2462.56014","5309.27554"
"486","3","2489.66527","5313.72227"
"487","3","2516.7704","5318.16899"
"488","3","2543.87554","5322.61572"
"489","3","2570.98067","5327.06245"
"490","3","2598.03245","5331.50042"
"491","3","2625.19094","5335.95591"
"492","3","2652.29608","5340.40263"
"493","3","2679.40121","5344.84936"
"494","3","2706.50635","5349.29609"
"495","3","2733.61148","5353.74282"
"496","3","2760.71661","5358.18955"
"497","3","2787.87511","5362.64503"
"498","3","2791.25439","5363.19942"
"499","3","2798.78275","5367.083"
"500","3","2807.40275","5371.52973"
"501","3","2816.02276","5375.97646"
"502","3","2824.64276","5380.42319"
"503","3","2833.26277","5384.86991"
"504","3","2841.8658","5389.30789"
"505","3","2850.50278","5393.76337"
"506","3","2859.12278","5398.2101"
"507","3","2867.74279","5402.65683"
"508","3","2876.36279","5407.10355"
"509","3","2884.9828","5411.55028"
"510","3","2893.6028","5415.99701"
"511","3","2902.20584","5420.43498"
"512","3","2910.84281","5424.89046"
"513","3","2919.46282","5429.33719"
"514","3","2925.56176","5432.4834"
"515","3","2928.08282","5432.98686"
"516","3","2936.70283","5434.70827"
"517","3","2945.32284","5436.42968"
"518","3","2953.92587","5438.1477"
"519","3","2962.56285","5439.87251"
"520","3","2971.18285","5441.59392"
"521","3","2979.80286","5443.31533"
"522","3","2988.42286","5445.03674"
"523","3","2997.04287","5446.75816"
"524","3","3005.66287","5448.47957"
"525","3","3014.26591","5450.19759"
"526","3","3022.90288","5451.9224"
"527","3","3031.52289","5453.64381"
"528","3","3040.14289","5455.36522"
"529","3","3048.7629","5457.08663"
"530","3","3057.3829","5458.80805"
"531","3","3065.98594","5460.52607"
"532","3","3074.62291","5462.25087"
"533","3","3083.24292","5463.97228"
"534","3","3091.86292","5465.6937"
"535","3","3100.48293","5467.41511"
"536","3","3109.10294","5469.13652"
"537","3","3117.72294","5470.85794"
"538","3","3126.32598","5472.57596"
"539","3","3134.96295","5474.30076"
"540","3","3143.58296","5476.02217"
"541","3","3152.20296","5477.74359"
"542","3","3160.82297","5479.465"
"543","3","3169.44297","5481.18641"
"544","3","3178.04601","5482.90444"
"545","3","3186.68298","5484.62924"
"546","3","3195.30299","5486.35065"
"547","3","3203.92299","5488.07206"
"548","3","3212.543","5489.79348"
"549","3","3221.163","5491.51489"
"550","3","3229.78301","5493.2363"
"551","3","3238.38605","5494.95433"
"552","3","3247.02302","5496.67913"
"553","3","3255.64302","5498.40054"
"554","3","3264.26303","5500.12195"
"555","3","3272.88303","5501.84337"
"556","3","3281.50304","5503.56478"
"557","3","3290.10608","5505.2828"
"558","3","3298.74305","5507.0076"
"559","3","3307.36306","5508.72902"
"560","3","823.76686","5153.03595"
"561","3","774.26961","5145.4209"
"562","3","717.835","5139.4472"
"563","3","611.90314","5128.23413"
"564","3","505.97128","5117.02107"
"565","3","400.03942","5105.808"
"566","3","294.10756","5094.59494"
"567","3","188.1757","5083.38187"
"568","3","82.24384","5072.1688"
"569","3","-23.61851","5060.9631"
"570","3","-129.61988","5049.74267"
"571","3","-235.48223","5038.53696"
"572","3","-341.4836","5027.31654"
"573","3","-447.34595","5016.11083"
"574","3","-553.34732","5004.89041"
"575","3","-659.27918","4993.67734"
"576","3","-765.21104","4982.46428"
"577","3","-871.1429","4971.25121"
"578","3","-977.07477","4960.03814"
"579","3","-1083.00663","4948.82508"
"580","3","-1188.93849","4937.61201"
"581","3","-1210.17041","4935.36458"
"582","3","-1251.15747","4926.39894"
"583","3","-1302.38522","4915.19324"
"584","3","-1353.68023","4903.97281"
"585","3","-1404.90798","4892.7671"
"586","3","-1456.20299","4881.54668"
"587","3","-1507.43074","4870.34097"
"588","3","-1558.72575","4859.12055"
"589","3","-1564.22567","4857.91748"
"590","3","-1609.98713","4864.95277"
"591","3","-1661.24851","4872.83361"
"592","3","-1712.50989","4880.71445"
"593","3","-1763.77128","4888.59528"
"594","3","-1815.03266","4896.47612"
"595","3","-1866.29404","4904.35696"
"596","3","-1917.55542","4912.2378"
"597","3","-1968.78316","4920.11347"
"598","3","-2020.07818","4927.99948"
"599","3","-2071.30592","4935.87514"
"600","3","-2122.60094","4943.76115"
"601","3","-2173.82868","4951.63682"
"602","3","-2225.1237","4959.52283"
"603","3","-2276.38508","4967.40367"
"604","3","-2327.64646","4975.2845"
"605","3","-2378.90784","4983.16534"
"606","3","-2430.16922","4991.04618"
"607","3","-2481.4306","4998.92702"
"608","3","-2525.40137","5005.68701"
"609","3","-2525.40137","5006.80786"
"610","3","-2525.40137","5014.68869"
"611","3","-2525.40137","5022.56436"
"612","3","-2525.40137","5030.45037"
"613","3","-2525.40137","5038.32604"
"614","3","-2525.40137","5046.21205"
"615","3","-2525.40137","5054.08771"
"616","3","-2525.40137","5058.55029"
"617","3","-2525.40137","5058.58789"
"618","3","-2525.40137","5070.01415"
"619","3","-2525.40137","5096.60725"
"620","3","-2525.40137","5123.20036"
"621","3","-2525.40137","5149.79347"
"622","3","-2525.40137","5176.38658"
"623","3","-2525.40137","5202.97969"
"624","3","-2525.40137","5229.55535"
"625","3","-2525.40137","5256.1659"
"626","3","-2525.40137","5282.58216"
"627","3","-2524.9736","5282.74156"
"628","3","-2453.56216","5309.35212"
"629","3","-2382.24436","5335.92778"
"630","3","-2310.83291","5362.53834"
"631","3","-2239.51512","5389.114"
"632","3","-2168.10367","5415.72455"
"633","3","-2096.73905","5442.31766"
"634","3","-2025.37443","5468.91077"
"635","3","-1954.00981","5495.50388"
"636","3","-1882.64519","5522.09699"
"637","3","-1811.28057","5548.69009"
"638","3","-1739.96278","5575.26575"
"639","3","-1668.55133","5601.87631"
"640","3","-1597.23354","5628.45197"
"641","3","-1525.82209","5655.06253"
"642","3","-1454.5043","5681.63819"
"643","1","1507.65113","5164.09264"
"644","1","1514.2839","5178.85117"
"645","1","1520.92537","5193.62908"
"646","1","1527.55814","5208.38761"
"647","1","1534.19962","5223.16552"
"648","1","1540.83239","5237.92405"
"649","1","1547.47386","5252.70197"
"650","1","1554.10663","5267.4605"
"651","1","1560.74811","5282.23841"
"652","1","1567.38088","5296.99694"
"653","1","1574.02235","5311.77485"
"654","1","1580.65512","5326.53338"
"655","1","1587.29224","5341.3016"
"656","1","1593.93372","5356.07951"
"657","1","1600.56649","5370.83804"
"658","1","1607.20796","5385.61596"
"659","1","1613.84073","5400.37449"
"660","1","1620.48221","5415.1524"
"661","1","1627.11498","5429.91093"
"662","1","1633.75645","5444.68884"
"663","3","127.85633","4039.10073"
"664","3","85.61218","4038.82411"
"665","3","43.42343","4038.54785"
"666","3","1.17928","4038.27122"
"667","3","-41.00946","4037.99496"
"668","3","-83.22591","4037.71852"
"669","4","-125.44236","4037.44207"
"670","4","-167.65881","4037.16563"
"671","4","-186.31604","4037.04346"
"672","4","-205.58313","4041.54057"
"673","4","-203.28895","4042.54885"
"674","4","-180.88332","4052.39608"
"675","4","-158.44827","4062.25624"
"676","4","-136.04264","4072.10347"
"677","4","-113.60759","4081.96363"
"678","4","-91.20196","4091.81086"
"679","4","-68.76691","4101.67102"
"680","4","-46.36128","4111.51825"
"681","4","-23.92623","4121.37842"
"682","4","-1.52061","4131.22564"
"683","3","20.89973","4141.07934"
"684","3","43.32007","4150.93304"
"685","3","65.74041","4160.78673"
"686","3","88.17547","4170.64689"
"687","3","110.58109","4180.49412"
"688","3","133.01615","4190.35428"
"689","3","155.42177","4200.20151"
"690","7","566.29428","4785.46129"
"691","7","533.28526","4806.39529"
"692","7","500.24984","4827.34604"
"693","7","467.24082","4848.28005"
"694","7","434.20539","4869.2308"
"695","7","401.19637","4890.1648"
"696","7","368.16094","4911.11555"
"697","7","335.12552","4932.0663"
"698","7","302.1165","4953.00031"
"699","7","269.08107","4973.95106"
"700","7","236.07205","4994.88506"
"701","7","203.03662","5015.83581"
"702","7","170.02761","5036.76982"
"703","7","152.93333","5047.61084"
"704","7","152.93333","5047.61084"
"705","7","143.4873","5057.04918"
"706","7","123.91195","5076.60859"
"707","7","104.35225","5096.15236"
"708","7","84.7769","5115.71177"
"709","7","65.2172","5135.25555"
"710","7","45.64185","5154.81495"
"711","7","26.08215","5174.35873"
"712","7","6.5068","5193.91814"
"713","7","-13.0529","5213.46191"
"714","7","-32.62825","5233.02132"
"715","7","-52.2036","5252.58073"
"716","7","-71.7633","5272.1245"
"717","7","-91.33865","5291.68391"
"718","7","-110.89835","5311.22769"
"719","7","-130.4737","5330.78709"
"720","7","-150.0334","5350.33087"
"721","7","-169.60875","5369.89028"
"722","7","-189.1841","5389.44969"
"723","7","-208.7438","5408.99346"
"724","7","-228.31915","5428.55287"
"725","7","-247.87885","5448.09664"
"726","7","-267.4542","5467.65605"
"727","7","-287.0139","5487.19983"
"728","7","-306.58925","5506.75923"
"729","7","-326.1646","5526.31864"
"730","7","-345.72431","5545.86242"
"731","7","-365.29965","5565.42183"
"732","7","-384.85936","5584.9656"
"733","7","-404.43471","5604.52501"
"734","7","-423.99441","5624.06878"
"735","7","-443.56976","5643.62819"
"736","7","-463.14511","5663.1876"
"737","7","-475.60583","5675.63818"
"738","7","-463.71541","5676.23721"
"739","7","-430.92767","5677.88901"
"740","7","-398.16615","5679.5395"
"741","7","-365.37841","5681.1913"
"742","7","-332.61689","5682.84179"
"743","7","-299.82915","5684.49359"
"744","7","-267.04142","5686.1454"
"745","7","-234.27989","5687.79588"
"746","7","-201.49215","5689.44769"
"747","1","-168.73063","5691.09817"
"748","1","-135.94289","5692.74998"
"749","1","-103.18137","5694.40046"
"750","1","-70.39363","5696.05227"
"751","1","-37.60589","5697.70407"
"752","1","-4.84437","5699.35455"
"753","1","27.94337","5701.00636"
"754","1","60.70489","5702.65684"
"755","1","93.49263","5704.30865"
"756","1","126.25416","5705.95913"
"757","1","159.04189","5707.61094"
"758","1","191.82963","5709.26274"
"759","1","224.59115","5710.91323"
"760","1","257.37889","5712.56503"
"761","1","290.14042","5714.21552"
"762","1","322.92815","5715.86732"
"763","1","355.68968","5717.51781"
"764","1","388.47741","5719.16961"
"765","1","421.23894","5720.8201"
"766","1","454.02668","5722.4719"
"767","1","486.81441","5724.12371"
"768","1","-450.41205","4973.13405"
"769","1","-443.99472","4940.21174"
"770","1","-437.57738","4907.28942"
"771","1","-431.16005","4874.3671"
"772","1","-424.74271","4841.44478"
"773","1","-418.32537","4808.52246"
"774","1","-411.90804","4775.60015"
"775","1","-405.4907","4742.67783"
"776","1","-399.07337","4709.75551"
"777","1","-392.65603","4676.83319"
"778","1","-386.2387","4643.91087"
"779","1","-379.82136","4610.98856"
"780","1","-373.40402","4578.06624"
"781","3","-366.98669","4545.14392"
"782","3","-360.56935","4512.2216"
"783","3","-354.15202","4479.29929"
"784","3","-347.73468","4446.37697"
"785","3","-347.17218","4443.49121"
"786","3","-347.97717","4464.81006"
"787","3","-348.8595","4488.17711"
"788","3","-349.74184","4511.54416"
"789","3","-350.62417","4534.91121"
"790","3","-351.5065","4558.27826"
"791","3","-352.38883","4581.64531"
"792","3","-353.27117","4605.01236"
"793","3","-354.1535","4628.37941"
"794","3","-355.03583","4651.74647"
"795","3","-355.91816","4675.11352"
"796","3","-356.80049","4698.48057"
"797","3","-357.68283","4721.84762"
"798","3","-358.56516","4745.21467"
"799","3","-359.44749","4768.58172"
"800","3","-360.32982","4791.94877"
"801","3","-361.21216","4815.31582"
"802","3","-361.49659","4822.84862"
"803","1","-362.09449","4838.68287"
"804","1","-362.97682","4862.04992"
"805","1","-363.85915","4885.41697"
"806","1","-364.74148","4908.78403"
"807","1","-365.62382","4932.15108"
"808","1","-366.50615","4955.51813"
"809","1","-366.9704","4967.81299"
"810","1","-329.36991","4986.32797"
"811","1","-250.01681","5025.4025"
"812","1","-170.66371","5064.47702"
"813","1","-91.31061","5103.55154"
"814","1","-11.95751","5142.62607"
"815","1","146.7487","5220.77511"
"816","1","226.1018","5259.84964"
"817","3","305.4549","5298.92416"
"818","3","384.808","5337.99868"
"819","3","445.889","5368.07578"
"820","3","464.1611","5377.07321"
"821","3","543.5142","5416.14773"
"822","3","602.50696","5445.19656"
"823","3","622.8673","5455.22226"
"824","3","702.2204","5494.29678"
"825","3","706.91894","5496.6104"
"826","3","781.5735","5533.3713"
"827","3","860.9266","5572.44583"
"828","3","940.2797","5611.52035"
"829","3","967.94887","5625.14502"
"830","7","1019.6328","5650.59487"
"831","7","1098.9859","5689.6694"
"832","7","1124.56683","5702.26579"
"833","7","1178.339","5728.74392"
"834","7","1257.6921","5767.81844"
"835","7","1333.39078","5805.09348"
"836","7","1337.0452","5806.89297"
"837","7","1416.3983","5845.96749"
"838","7","1495.7514","5885.04202"
"839","7","1575.1045","5924.11654"
"840","7","1594.42071","5933.6281"
